{
  "account_age_days": {
    "min": 3.18431408,
    "max": 967.87226069,
    "p1": 3.43220522,
    "p99": 943.36833119,
    "mean": 252.58429059,
    "std": 310.71207216,
    "n": 50
  },
  "benford_chi_square_168h": {
    "min": 0.8893564,
    "max": 90.85432098,
    "p1": 1.18994115,
    "p99": 87.50879057,
    "mean": 31.31102669,
    "std": 30.19261261,
    "n": 50
  },
  "benford_chi_square_1h": {
    "min": 0.14706305,
    "max": 93.01405126,
    "p1": 0.62310315,
    "p99": 90.94503334,
    "mean": 30.81332274,
    "std": 29.11895977,
    "n": 50
  },
  "benford_chi_square_24h": {
    "min": 1.80336087,
    "max": 99.57929816,
    "p1": 1.8585011,
    "p99": 99.19290256,
    "mean": 31.51200057,
    "std": 31.83792068,
    "n": 50
  },
  "benford_chi_square_4h": {
    "min": 0.16527636,
    "max": 94.25689407,
    "p1": 1.00256698,
    "p99": 94.18957812,
    "mean": 34.47226824,
    "std": 32.66820122,
    "n": 50
  },
  "benford_chi_square_720h": {
    "min": 0.06408883,
    "max": 96.23485791,
    "p1": 0.08146265,
    "p99": 96.19846744,
    "mean": 31.93020636,
    "std": 32.23399201,
    "n": 50
  },
  "benford_mad_168h": {
    "min": 9.238e-05,
    "max": 0.07810131,
    "p1": 0.00052999,
    "p99": 0.07617638,
    "mean": 0.02832269,
    "std": 0.0254336,
    "n": 50
  },
  "benford_mad_1h": {
    "min": 3.1e-06,
    "max": 0.0783495,
    "p1": 0.00033268,
    "p99": 0.07738438,
    "mean": 0.03070084,
    "std": 0.02776168,
    "n": 50
  },
  "benford_mad_24h": {
    "min": 0.00081995,
    "max": 0.07980937,
    "p1": 0.0012252,
    "p99": 0.07976401,
    "mean": 0.02806584,
    "std": 0.02418684,
    "n": 50
  },
  "benford_mad_4h": {
    "min": 0.00129844,
    "max": 0.07437414,
    "p1": 0.00130012,
    "p99": 0.0737772,
    "mean": 0.02692079,
    "std": 0.02329853,
    "n": 50
  },
  "benford_mad_720h": {
    "min": 0.00013147,
    "max": 0.0790769,
    "p1": 0.00029744,
    "p99": 0.07853233,
    "mean": 0.02581763,
    "std": 0.02416766,
    "n": 50
  },
  "benford_residual_chi_square_168h": {
    "min": 0.12793384,
    "max": 78.0453485,
    "p1": 0.29834573,
    "p99": 75.6568428,
    "mean": 24.95346718,
    "std": 24.56135535,
    "n": 50
  },
  "benford_residual_chi_square_1h": {
    "min": 0.10712543,
    "max": 79.87438469,
    "p1": 0.34369874,
    "p99": 77.0005795,
    "mean": 25.1197954,
    "std": 25.61116821,
    "n": 50
  },
  "benford_residual_chi_square_24h": {
    "min": 0.22692292,
    "max": 78.45222805,
    "p1": 0.61285373,
    "p99": 76.49240291,
    "mean": 26.38972083,
    "std": 25.29594673,
    "n": 50
  },
  "benford_residual_chi_square_4h": {
    "min": 0.10990287,
    "max": 78.38444262,
    "p1": 0.14468374,
    "p99": 78.32469262,
    "mean": 26.62783055,
    "std": 27.78600376,
    "n": 50
  },
  "benford_residual_chi_square_720h": {
    "min": 0.57812212,
    "max": 75.82982141,
    "p1": 0.5838107,
    "p99": 74.7749471,
    "mean": 26.56338698,
    "std": 26.71635525,
    "n": 50
  },
  "benford_residual_mad_168h": {
    "min": 4.585e-05,
    "max": 0.06881862,
    "p1": 0.00049115,
    "p99": 0.06874252,
    "mean": 0.02555233,
    "std": 0.02202739,
    "n": 50
  },
  "benford_residual_mad_1h": {
    "min": 0.00048613,
    "max": 0.0677524,
    "p1": 0.00051672,
    "p99": 0.06485026,
    "mean": 0.02332625,
    "std": 0.01951587,
    "n": 50
  },
  "benford_residual_mad_24h": {
    "min": 0.00033984,
    "max": 0.06338345,
    "p1": 0.00089474,
    "p99": 0.06282616,
    "mean": 0.02208421,
    "std": 0.01948034,
    "n": 50
  },
  "benford_residual_mad_4h": {
    "min": 0.00014576,
    "max": 0.06839246,
    "p1": 0.00045813,
    "p99": 0.06793273,
    "mean": 0.02514282,
    "std": 0.02254361,
    "n": 50
  },
  "benford_residual_mad_720h": {
    "min": 0.00142903,
    "max": 0.06945204,
    "p1": 0.001533,
    "p99": 0.06930529,
    "mean": 0.02425589,
    "std": 0.02159494,
    "n": 50
  },
  "benford_z_max_168h": {
    "min": 0.005477,
    "max": 9.02859798,
    "p1": 0.01704407,
    "p99": 8.95997351,
    "mean": 3.25220579,
    "std": 2.60317978,
    "n": 50
  },
  "benford_z_max_1h": {
    "min": 0.01235366,
    "max": 9.55888031,
    "p1": 0.02608309,
    "p99": 9.53281781,
    "mean": 3.80755979,
    "std": 3.16711495,
    "n": 50
  },
  "benford_z_max_24h": {
    "min": 0.03082635,
    "max": 9.67801895,
    "p1": 0.04944024,
    "p99": 9.27543214,
    "mean": 3.52136954,
    "std": 2.80816283,
    "n": 50
  },
  "benford_z_max_4h": {
    "min": 0.0651447,
    "max": 9.9092315,
    "p1": 0.08498419,
    "p99": 9.89528512,
    "mean": 3.58857976,
    "std": 3.21302887,
    "n": 50
  },
  "benford_z_max_720h": {
    "min": 0.13484744,
    "max": 9.62199081,
    "p1": 0.14582963,
    "p99": 9.59961301,
    "mean": 3.86527479,
    "std": 3.33646362,
    "n": 50
  },
  "counterparty_concentration_ratio": {
    "min": 0.03304125,
    "max": 0.99073356,
    "p1": 0.05477987,
    "p99": 0.9864604,
    "mean": 0.56270051,
    "std": 0.2959319,
    "n": 50
  },
  "cross_pair_counterparty_overlap": {
    "min": 9.021e-05,
    "max": 0.98477368,
    "p1": 0.01038396,
    "p99": 0.97649597,
    "mean": 0.46805354,
    "std": 0.33862718,
    "n": 50
  },
  "cross_pair_mad_std": {
    "min": 0.00049494,
    "max": 0.04984745,
    "p1": 0.00060845,
    "p99": 0.04953376,
    "mean": 0.01847952,
    "std": 0.01602051,
    "n": 50
  },
  "cross_pair_trade_synchrony": {
    "min": 0.00920749,
    "max": 0.97907847,
    "p1": 0.01573196,
    "p99": 0.97382985,
    "mean": 0.4021082,
    "std": 0.32777386,
    "n": 50
  },
  "cross_pair_volume_correlation": {
    "min": -0.43494105,
    "max": 0.99013081,
    "p1": -0.40832956,
    "p99": 0.98555325,
    "mean": 0.2899313,
    "std": 0.41801709,
    "n": 50
  },
  "cross_wallet_volume_corr": {
    "min": -0.29285416,
    "max": 0.99820251,
    "p1": -0.28915601,
    "p99": 0.99511181,
    "mean": 0.36926044,
    "std": 0.42640063,
    "n": 50
  },
  "entropy_of_amounts": {
    "min": 0.02154749,
    "max": 5.94152393,
    "p1": 0.04861293,
    "p99": 5.93820193,
    "mean": 2.4287514,
    "std": 2.13422563,
    "n": 50
  },
  "funding_source_similarity": {
    "min": 0.0039023,
    "max": 0.95772773,
    "p1": 0.00569939,
    "p99": 0.94323647,
    "mean": 0.42260152,
    "std": 0.3117619,
    "n": 50
  },
  "gnn_0": {
    "min": 0.0,
    "max": 0.0,
    "p1": 0.0,
    "p99": 0.0,
    "mean": 0.0,
    "std": 0.0,
    "n": 50
  },
  "gnn_1": {
    "min": 0.0,
    "max": 0.0,
    "p1": 0.0,
    "p99": 0.0,
    "mean": 0.0,
    "std": 0.0,
    "n": 50
  },
  "gnn_10": {
    "min": 0.0,
    "max": 0.0,
    "p1": 0.0,
    "p99": 0.0,
    "mean": 0.0,
    "std": 0.0,
    "n": 50
  },
  "gnn_11": {
    "min": 0.0,
    "max": 0.0,
    "p1": 0.0,
    "p99": 0.0,
    "mean": 0.0,
    "std": 0.0,
    "n": 50
  },
  "gnn_12": {
    "min": 0.0,
    "max": 0.0,
    "p1": 0.0,
    "p99": 0.0,
    "mean": 0.0,
    "std": 0.0,
    "n": 50
  },
  "gnn_13": {
    "min": 0.0,
    "max": 0.0,
    "p1": 0.0,
    "p99": 0.0,
    "mean": 0.0,
    "std": 0.0,
    "n": 50
  },
  "gnn_14": {
    "min": 0.0,
    "max": 0.0,
    "p1": 0.0,
    "p99": 0.0,
    "mean": 0.0,
    "std": 0.0,
    "n": 50
  },
  "gnn_15": {
    "min": 0.0,
    "max": 0.0,
    "p1": 0.0,
    "p99": 0.0,
    "mean": 0.0,
    "std": 0.0,
    "n": 50
  },
  "gnn_16": {
    "min": 0.0,
    "max": 0.0,
    "p1": 0.0,
    "p99": 0.0,
    "mean": 0.0,
    "std": 0.0,
    "n": 50
  },
  "gnn_17": {
    "min": 0.0,
    "max": 0.0,
    "p1": 0.0,
    "p99": 0.0,
    "mean": 0.0,
    "std": 0.0,
    "n": 50
  },
  "gnn_18": {
    "min": 0.0,
    "max": 0.0,
    "p1": 0.0,
    "p99": 0.0,
    "mean": 0.0,
    "std": 0.0,
    "n": 50
  },
  "gnn_19": {
    "min": 0.0,
    "max": 0.0,
    "p1": 0.0,
    "p99": 0.0,
    "mean": 0.0,
    "std": 0.0,
    "n": 50
  },
  "gnn_2": {
    "min": 0.0,
    "max": 0.0,
    "p1": 0.0,
    "p99": 0.0,
    "mean": 0.0,
    "std": 0.0,
    "n": 50
  },